back,sign
habit,bark
saw,fat
zero,struck
carry,office
soap,deer
mighty,again
cell,explore
huge,frighten
is,quick
doll,balance
cloth,paid
talk,flag
major,luck
amount,root
pilot,move
ship,pour
student,sister
myself,sum
factory,turn
write,frighten
some,explanation
owner,joy
lady,fear
ball,say
upper,threw
scene,onto
prevent,wear
firm,tell
bell,rhythm
sugar,broad
die,sun
calm,final
lift,pile
hunt,worse
food,connected
giant,cake
student,loose
bat,consist
stared,am
count,church
detail,share
entirely,dozen
stronger,capital
function,include
pet,wrapped
flower,toy
appearance,hunt
sky,got
pain,slope
trouble,safe
system,people
summer,copy
taste,victory
she,perfect
loose,win
spoken,put
serious,go
value,board
hungry,your
came,letter
but,hidden
chose,trip
fellow,movie
while,standard
planning,breathe
feet,instance
official,slope
broken,stepped
design,hardly
find,ran
clothing,mean
citizen,carefully
subject,broke
rhyme,structure
means,properly
congress,have
sometime,changing
secret,act
language,stretch
about,on
came,ground
area,tool
oil,down
manner,mud
unusual,huge
local,yourself
keep,possibly
gray,belong
badly,lead
seed,involved
swimming,instead
press,hide
bean,saw
forget,sudden
forgotten,pipe
girl,canal
farther,frequently
rush,rush
on,answer
darkness,held
none,desert
brought,frequently
generally,common
claws,quite
thee,climate
law,saved
mouth,attention
actually,trap
syllable,process
this,tongue
so,having
fun,damage
determine,those
control,wheel
popular,angry
within,lower
settle,warn
explore,information
hair,pressure
sat,mark
trunk,somewhere
rice,fish
common,extra
feature,bush
establish,particles
vapor,dangerous
zero,open
major,call
clothing,women
dance,little
listen,member
top,income
go,paragraph
how,wave
grass,share
hungry,dish
key,section
double,opportunity
fat,religious
wheel,steam
bank,fierce
third,production
move,row
dropped,percent
substance,naturally
handsome,heart
satisfied,bar
bean,making
silver,birth
applied,cold
rock,consider
supply,share
more,smoke
bottle,harbor
carried,do
copper,riding
sheet,case
doctor,is
these,fifteen
many,behavior
deeply,parts
even,in
hot,tell
sunlight,mind
wealth,process
halfway,wherever
buried,please
applied,property
pond,simple
forward,its
arrow,cat
we,chapter
aboard,symbol
log,browserling
start,inch
safe,rocky
furniture,moving
universe,sea
interest,history
shorter,palace
human,wrote
liquid,broke
pick,situation
moon,birthday
former,find
flat,strong
leaving,equator
farm,window
mice,dish
fair,dog
depend,mental
piece,thrown
thousand,freedom
seems,stage
difference,alone
apartment,say
crack,become
saved,as
material,breakfast
own,test
record,quickly
universe,canal
sport,alive
recent,buffalo
store,mostly
active,telephone
knew,beauty
second,produce
impossible,hold
screen,ate
sick,easy
wagon,nearest
discovery,high
world,essential
kill,case
clock,bone
children,shine
individual,deer
carried,properly
anywhere,noted
mix,leaf
constantly,grade
music,sun
answer,huge
inch,iron
motion,tree
find,house
rock,know
frequently,wide
rhythm,pair
special,current
cookies,could
cowboy,available
apart,rays
frozen,win
enemy,duck
gather,end
plural,house
adjective,clock
brass,fair
attack,land
habit,either
yard,religious
itself,west
solution,warn
beauty,eye
fireplace,definition
create,science
tail,sink
smell,found
simplest,anybody
dirt,paid
finest,slipped
particularly,speak
soft,is
wave,road
see,buffalo
ten,solve
be,serve
species,pitch
introduced,send
only,production
moon,finish
built,citizen
bee,character
thin,bent
company,friend
door,buried
too,poet
neck,available
hill,represent
could,problem
usual,bottom
got,stand
pile,have
caught,canal
planet,cast
how,into
largest,protection
nature,whether
water,understanding
map,life
border,struck
needed,mountain
behind,unknown
pay,acres
shelf,sold
aid,top
cook,moon
bridge,browserling
nails,castle
eager,bend
cat,plane
has,fat
child,natural
huge,thrown
brother,aware
second,quickly
cream,stone
cotton,whether
compound,native
hello,anyone
worry,worker
dawn,sugar
tool,fog
tried,quarter
across,image
steep,species
classroom,author
toy,station
into,gone
leg,felt
meal,base
president,forest
someone,steep
life,pure
influence,effort
respect,claws
series,pack
instead,happened
grade,announced
shape,its
drive,company
review,fifty
peace,beauty
flame,sea
half,matter
space,lady
summer,army
describe,indicate
mountain,pink
closer,refer
account,connected
buffalo,cloth
however,time
higher,making
skill,lift
forth,north
whom,was
taken,accurate
journey,climate
make,drop
war,layers
leaving,up
tried,change
at,they
suit,star
wide,organized
giving,using
fight,would
coming,ran
pony,check
discover,moving
brick,remain
joy,warm
post,girl
car,colony
trade,sand
another,public
surrounded,whose
direct,else
basis,signal
chapter,principle
rising,teeth
pride,yesterday
mainly,plural
chief,thing
fell,hold
seeing,greatly
them,source
depend,trace
as,largest
instead,understanding
shake,college
chosen,morning
basis,took
yourself,keep
column,begun
require,why
park,changing
kept,frame
mud,slept
play,fat
mission,tank
impossible,product
height,present
seat,student
fill,condition
recently,honor
verb,somehow
prize,soon
caught,adjective
forty,sing
stranger,had
bill,serious
steady,gray
fair,wave
live,title
place,center
element,cave
black,serve
individual,lamp
construction,driver
order,machine
eight,exactly
who,faster
protection,aboard
flag,pitch
vegetable,clay
coast,compound
horse,cake
needle,increase
environment,themselves
talk,safety
order,master
sky,begun
money,shot
chose,influence
boy,map
fish,all
condition,engineer
way,buy
fix,screen
grandfather,wish
differ,gasoline
afternoon,captain
dirt,third
stand,stretch
excellent,fifty
pig,sit
poem,scientist
brought,merely
pool,refer
finish,continued
doll,drive
pool,air
public,major
this,wire
lie,gather
motor,arm
each,refused
guess,ranch
camera,anything
this,equipment
even,seems
unknown,fastened
information,experience
private,stock
plenty,as
thumb,station
dirt,money
might,across
involved,supply
weight,leader
topic,bad
what,cover
vote,simplest
beauty,kind
excitement,cool
ready,claws
valuable,fairly
ice,frog
energy,stone
led,copy
copper,impossible
swim,addition
first,level
anywhere,ball
excitement,planning
atomic,beginning
development,deeply
similar,now
century,separate
myself,trace
opposite,cutting
bow,listen
ate,sight
live,whatever
tales,failed
anywhere,fairly
telephone,poor
now,three
planning,pressure
satellites,perhaps
middle,stronger
frighten,knowledge
local,push
bigger,offer
at,partly
whenever,wide
piano,herd
promised,rule
frozen,fine
cake,announced
skin,frame
butter,dozen
situation,fish
danger,phrase
explanation,score
across,war
